{
    "cost": 4.854257416164649E17,
    "centroids": [
        [
            2003.5,
            571951.6499999999,
            1.506425769E9
        ],
        [
            2013.3333333333333,
            586749.3453333334,
            3.6389866836666665E9
        ],
        [
            2009.5555555555554,
            510309.74317777774,
            2.2746895082222223E9
        ]
    ],
    "WSSSE": 4.854257416164649E17,
    "kmeansData": [
        {
            "centroidID": 0,
            "centroidData": [
                2003.5,
                571951.6499999999,
                1.506425769E9
            ],
            "dataVectors": [
                [
                    2003,
                    575345.58,
                    1.41474633E9
                ],
                [
                    2004,
                    568557.72,
                    1.598105208E9
                ]
            ]
        },
        {
            "centroidID": 1,
            "centroidData": [
                2013.3333333333333,
                586749.3453333334,
                3.6389866836666665E9
            ],
            "dataVectors": [
                [
                    2011,
                    431206.1426,
                    3.365255932E9
                ],
                [
                    2014,
                    617958.5133,
                    3.47578977E9
                ],
                [
                    2015,
                    711083.3801,
                    4.075914349E9
                ]
            ]
        },
        {
            "centroidID": 2,
            "centroidData": [
                2009.5555555555554,
                510309.74317777774,
                2.2746895082222223E9
            ],
            "dataVectors": [
                [
                    2005,
                    608933.8624,
                    2.225658272E9
                ],
                [
                    2006,
                    594309.8093,
                    2.215212472E9
                ],
                [
                    2007,
                    632018.4539,
                    2.312512234E9
                ],
                [
                    2008,
                    595812.7904,
                    2.352367547E9
                ],
                [
                    2009,
                    454754.743,
                    2.394291197E9
                ],
                [
                    2010,
                    408959.1226,
                    2.471237794E9
                ],
                [
                    2012,
                    395516.7863,
                    2.088926229E9
                ],
                [
                    2013,
                    542820.499,
                    2.02453159E9
                ],
                [
                    2016,
                    359661.6217,
                    2.387468239E9
                ]
            ]
        }
    ]
}